S.no,Folder No.,patch 1,patch 2,patch 3,patch 4,patch 5,patch 6,patch 7,patch 8,patch 9,patch 10,patch 11,patch 12,patch 13,patch 14,patch 15,patch 16,patch 17,patch 18,patch 19,patch 20,patch 21,patch 22,Constellation prediction,Confidence
1,Mensa,-1,-1,-1,-1,-1,-1,"(1906,288)","(2189,1275)","(1652,368)","(1656,1667)","(2189,1682)","(1930,1826)",-1,-1,-1,-1,-1,-1,-1,-1,-1,-1,mensa,0.6660199244078611
2,Pisces,-1,-1,-1,-1,"(3929,1722)","(4741,4722)","(772,4531)","(871,2222)","(1698,4222)","(2858,4111)","(2463,4068)","(1377,4278)","(5173,4753)","(1728,3198)","(2333,1593)","(4229,4179)","(5432,4506)","(4772,4290)","(2117,1895)","(1309,3864)","(5099,4192)","(2247,2204)",pisces,0.8885878610143554
3,Taurus,-1,-1,-1,-1,"(2737,2649)","(5422,1308)","(1362,3746)","(1476,1255)","(3658,3802)","(1132,2073)","(3694,3076)","(4630,3328)","(2932,2346)","(2937,2711)","(3087,2526)","(3174,2737)",-1,-1,-1,-1,-1,-1,taurus,0.8329246819166423
